Workbook

Sheet связи
A1: 1 | B1: **CORRESPONDENCE LEVEL 1 ROTES** | C1: **CORRESPONDENCE LEVEL 1 ROTES**
A2: 2 | B2: - [Landscape Of The Mind](RotesSC#LanOfTheMi) | C2: - [Landscape Of The Mind | D2: RotesSC | E2: =FIND("(",B2) -> 26 | F2: =FIND("#",B2) -> 34 | G2: =VLOOKUP(D2,Лист3!A:F,2,0)&MID(B2,4,E2-5)&"]]"&VLOOKUP(D2,Лист3!A:F,4,0) -> - [[Rotes in sphere# RotesSC (Correspondence Effects)|Landscape Of The Mind]] Sphere-rote
A3: 3 | B3: - [Sense Connection](RotesSC#SenCo) | C3: - [Sense Connection | D3: RotesSC | E3: =FIND("(",B3) -> 21 | F3: =FIND("#",B3) -> 29 | G3: =VLOOKUP(D3,Лист3!A:F,2,0)&MID(B3,4,E3-5)&"]]"&VLOOKUP(D3,Лист3!A:F,4,0) -> - [[Rotes in sphere# RotesSC (Correspondence Effects)|Sense Connection]] Sphere-rote
A4: 4 | B4: - [Whereami?](RotesSC#Whe) | C4: - [Whereami? | D4: RotesSC | E4: =FIND("(",B4) -> 14 | F4: =FIND("#",B4) -> 22 | G4: =VLOOKUP(D4,Лист3!A:F,2,0)&MID(B4,4,E4-5)&"]]"&VLOOKUP(D4,Лист3!A:F,4,0) -> - [[Rotes in sphere# RotesSC (Correspondence Effects)|Whereami?]] Sphere-rote
A5: 5 | B5: - [Flying Dragon Kick](RotesDo#FlyDrKi) | C5: - [Flying Dragon Kick | D5: RotesDo | G5: =B5&VLOOKUP(D5,Лист3!A:F,4,0) -> - [Flying Dragon Kick](RotesDo#FlyDrKi) Do (Akashic)
A6: 6 | B6: - [Ariadne's Thread](RotesG#AriTh) | C6: - [Ariadne's Thread | D6: RotesG | E6: =FIND("(",B6) -> 21 | F6: =FIND("#",B6) -> 28 | G6: =VLOOKUP(D6,Лист3!A:F,2,0)&MID(B6,4,E6-5)&"]]"&VLOOKUP(D6,Лист3!A:F,4,0) -> - [[Rotes in groups# RotesG (General)|Ariadne's Thread]] General
A7: 7 | B7: - [Detect The Dream](RotesG#DetTheDr) | C7: - [Detect The Dream | D7: RotesG | E7: =FIND("(",B7) -> 21 | F7: =FIND("#",B7) -> 28 | G7: =VLOOKUP(D7,Лист3!A:F,2,0)&MID(B7,4,E7-5)&"]]"&VLOOKUP(D7,Лист3!A:F,4,0) -> - [[Rotes in groups# RotesG (General)|Detect The Dream]] General
A8: 8 | B8: - [Prime Location](RotesG#PriLo) | C8: - [Prime Location | D8: RotesG | E8: =FIND("(",B8) -> 19 | F8: =FIND("#",B8) -> 26 | G8: =VLOOKUP(D8,Лист3!A:F,2,0)&MID(B8,4,E8-5)&"]]"&VLOOKUP(D8,Лист3!A:F,4,0) -> - [[Rotes in groups# RotesG (General)|Prime Location]] General
A9: 9 | B9: - [Targeting Computation](RotesIX#TarCo) | C9: - [Targeting Computation | D9: RotesIX | E9: =FIND("(",B9) -> 26 | F9: =FIND("#",B9) -> 34 | G9: =VLOOKUP(D9,Лист3!A:F,2,0)&MID(B9,4,E9-5)&"]]"&VLOOKUP(D9,Лист3!A:F,4,0) -> - [[Rotes in groups# RotesIX (Iteration X)|Targeting Computation]] :RaCog: Iteration X
A10: 10 | B10: - [Time-Motion Study](RotesIX#TimeMoSt) | C10: - [Time-Motion Study | D10: RotesIX | E10: =FIND("(",B10) -> 22 | F10: =FIND("#",B10) -> 30 | G10: =VLOOKUP(D10,Лист3!A:F,2,0)&MID(B10,4,E10-5)&"]]"&VLOOKUP(D10,Лист3!A:F,4,0) -> - [[Rotes in groups# RotesIX (Iteration X)|Time-Motion Study]] :RaCog: Iteration X
A11: 11 | B11: - [Thief In The Night](RotesTe#ThiInTheNi) | C11: - [Thief In The Night | D11: RotesTe | E11: =FIND("(",B11) -> 23 | F11: =FIND("#",B11) -> 31 | G11: =VLOOKUP(D11,Лист3!A:F,2,0)&MID(B11,4,E11-5)&"]]"&VLOOKUP(D11,Лист3!A:F,4,0) -> - [[Rotes in groups# RotesTe (Templars)|Thief In The Night]] Templars
A12: 12 | B12: - [Calculate Kinematics](RotesVoE#CalKi) | C12: - [Calculate Kinematics | D12: RotesVoE | E12: =FIND("(",B12) -> 25 | F12: =FIND("#",B12) -> 34 | G12: =VLOOKUP(D12,Лист3!A:F,2,0)&MID(B12,4,E12-5)&"]]"&VLOOKUP(D12,Лист3!A:F,4,0) -> - [[Rotes in groups# RotesVoE (Void Engineers)|Calculate Kinematics]] :RaCog: Void Engineers
A13: 14 | B13: **CORRESPONDENCE LEVEL 2 ROTES** | C13: **CORRESPONDENCE LEVEL 2 ROTES**
A14: 15 | B14: - [Apportation](RotesSC#App) | C14: - [Apportation | D14: RotesSC | E14: =FIND("(",B14) -> 16 | F14: =FIND("#",B14) -> 24 | G14: =VLOOKUP(D14,Лист3!A:F,2,0)&MID(B14,4,E14-5)&"]]"&VLOOKUP(D14,Лист3!A:F,4,0) -> - [[Rotes in sphere# RotesSC (Correspondence Effects)|Apportation]] Sphere-rote
A15: 17 | B15: - [Correspondence Sensing](RotesSC#CorSe) | C15: - [Correspondence Sensing | D15: RotesSC | E15: =FIND("(",B15) -> 27 | F15: =FIND("#",B15) -> 35 | G15: =VLOOKUP(D15,Лист3!A:F,2,0)&MID(B15,4,E15-5)&"]]"&VLOOKUP(D15,Лист3!A:F,4,0) -> - [[Rotes in sphere# RotesSC (Correspondence Effects)|Correspondence Sensing]] Sphere-rote
A16: 34 | B16: - [Ward](RotesSC#Ward) | C16: - [Ward | D16: RotesSC | E16: =FIND("(",B16) -> 9 | F16: =FIND("#",B16) -> 17 | G16: =VLOOKUP(D16,Лист3!A:F,2,0)&MID(B16,4,E16-5)&"]]"&VLOOKUP(D16,Лист3!A:F,4,0) -> - [[Rotes in sphere# RotesSC (Correspondence Effects)|Ward]] Sphere-rote
A17: 19 | B17: - [Eagle Eye](RotesAhIB#EagEye) | C17: - [Eagle Eye | D17: RotesAhIB | G17: =B17&VLOOKUP(D17,Лист3!A:F,4,0) -> - [Eagle Eye](RotesAhIB#EagEye) Alh-i-Batin
A18: 23 | B18: - [Jury Rig](RotesSoOE#JuryRig) | C18: - [Jury Rig | D18: RotesSoOE | G18: =B18&VLOOKUP(D18,Лист3!A:F,4,0) -> - [Jury Rig](RotesSoOE#JuryRig) Sons of Ether
A19: 29 | B19: - [Scrying](RotesDr#Scr) | C19: - [Scrying | D19: RotesDr | G19: =B19&VLOOKUP(D19,Лист3!A:F,4,0) -> - [Scrying](RotesDr#Scr) Dreamspeakers
A20: 33 | B20: - [Trip, The](RotesCuOE#Trip) | C20: - [Trip, The | D20: RotesCuOE | G20: =B20&VLOOKUP(D20,Лист3!A:F,4,0) -> - [Trip, The](RotesCuOE#Trip) Cult of Ecstasy
A21: 27 | B21: - [Pixie Lead](RotesG#PixLe) | C21: - [Pixie Lead | D21: RotesG | E21: =FIND("(",B21) -> 15 | F21: =FIND("#",B21) -> 22 | G21: =VLOOKUP(D21,Лист3!A:F,2,0)&MID(B21,4,E21-5)&"]]"&VLOOKUP(D21,Лист3!A:F,4,0) -> - [[Rotes in groups# RotesG (General)|Pixie Lead]] General
A22: 16 | B22: - [Check The Corners](RotesNWO#CheTheCo) | C22: - [Check The Corners | D22: RotesNWO | E22: =FIND("(",B22) -> 22 | F22: =FIND("#",B22) -> 31 | G22: =VLOOKUP(D22,Лист3!A:F,2,0)&MID(B22,4,E22-5)&"]]"&VLOOKUP(D22,Лист3!A:F,4,0) -> - [[Rotes in groups# RotesNWO (New world order)|Check The Corners]] :RaCog: New World Order
A23: 22 | B23: - [Heat Seeking](RotesNWO#HeatSe) | C23: - [Heat Seeking | D23: RotesNWO | E23: =FIND("(",B23) -> 17 | F23: =FIND("#",B23) -> 26 | G23: =VLOOKUP(D23,Лист3!A:F,2,0)&MID(B23,4,E23-5)&"]]"&VLOOKUP(D23,Лист3!A:F,4,0) -> - [[Rotes in groups# RotesNWO (New world order)|Heat Seeking]] :RaCog: New World Order
A24: 26 | B24: - [Phone Tap](RotesNWO#PhoTap) | C24: - [Phone Tap | D24: RotesNWO | E24: =FIND("(",B24) -> 14 | F24: =FIND("#",B24) -> 23 | G24: =VLOOKUP(D24,Лист3!A:F,2,0)&MID(B24,4,E24-5)&"]]"&VLOOKUP(D24,Лист3!A:F,4,0) -> - [[Rotes in groups# RotesNWO (New world order)|Phone Tap]] :RaCog: New World Order
A25: 30 | B25: - [Sense Node](RotesNWO#SenNo) | C25: - [Sense Node | D25: RotesNWO | E25: =FIND("(",B25) -> 15 | F25: =FIND("#",B25) -> 24 | G25: =VLOOKUP(D25,Лист3!A:F,2,0)&MID(B25,4,E25-5)&"]]"&VLOOKUP(D25,Лист3!A:F,4,0) -> - [[Rotes in groups# RotesNWO (New world order)|Sense Node]] :RaCog: New World Order
A26: 20 | B26: - [Gabriel's Embrace](RotesOOH#GabEm) | C26: - [Gabriel's Embrace | D26: RotesOOH | E26: =FIND("(",B26) -> 22 | F26: =FIND("#",B26) -> 31 | G26: =VLOOKUP(D26,Лист3!A:F,2,0)&MID(B26,4,E26-5)&"]]"&VLOOKUP(D26,Лист3!A:F,4,0) -> - [[Rotes in groups# RotesOOH (Order of Hermes)|Gabriel's Embrace]] Order of Hermes
A27: 21 | B27: - [Glorious Sword Of Haven](RotesOOH#GloSwOfHa) | C27: - [Glorious Sword Of Haven | D27: RotesOOH | E27: =FIND("(",B27) -> 28 | F27: =FIND("#",B27) -> 37 | G27: =VLOOKUP(D27,Лист3!A:F,2,0)&MID(B27,4,E27-5)&"]]"&VLOOKUP(D27,Лист3!A:F,4,0) -> - [[Rotes in groups# RotesOOH (Order of Hermes)|Glorious Sword Of Haven]] Order of Hermes
A28: 25 | B28: - [Oak Of Sanguine Root](RotesOOH#OakOfSaRo) | C28: - [Oak Of Sanguine Root | D28: RotesOOH | E28: =FIND("(",B28) -> 25 | F28: =FIND("#",B28) -> 34 | G28: =VLOOKUP(D28,Лист3!A:F,2,0)&MID(B28,4,E28-5)&"]]"&VLOOKUP(D28,Лист3!A:F,4,0) -> - [[Rotes in groups# RotesOOH (Order of Hermes)|Oak Of Sanguine Root]] Order of Hermes
A29: 28 | B29: - [Quo Vadis?](RotesTe#WhiGoTh) | C29: - [Quo Vadis? | D29: RotesTe | E29: =FIND("(",B29) -> 15 | F29: =FIND("#",B29) -> 23 | G29: =VLOOKUP(D29,Лист3!A:F,2,0)&MID(B29,4,E29-5)&"]]"&VLOOKUP(D29,Лист3!A:F,4,0) -> - [[Rotes in groups# RotesTe (Templars)|Quo Vadis?]] Templars
A30: 32 | B30: - [Spatial Sheath](RotesTe#SpaSh) | C30: - [Spatial Sheath | D30: RotesTe | E30: =FIND("(",B30) -> 19 | F30: =FIND("#",B30) -> 27 | G30: =VLOOKUP(D30,Лист3!A:F,2,0)&MID(B30,4,E30-5)&"]]"&VLOOKUP(D30,Лист3!A:F,4,0) -> - [[Rotes in groups# RotesTe (Templars)|Spatial Sheath]] Templars
A31: 35 | B31: - [Whither Goest Thou?](RotesTe#WhiGoTh) | C31: - [Whither Goest Thou? | D31: RotesTe | E31: =FIND("(",B31) -> 24 | F31: =FIND("#",B31) -> 32 | G31: =VLOOKUP(D31,Лист3!A:F,2,0)&MID(B31,4,E31-5)&"]]"&VLOOKUP(D31,Лист3!A:F,4,0) -> - [[Rotes in groups# RotesTe (Templars)|Whither Goest Thou?]] Templars
A32: 18 | B32: - [Crippled Lotus Curse, The](RotesWK#LucOfTheLoCrLoCu) | C32: - [Crippled Lotus Curse, The | D32: RotesWK | E32: =FIND("(",B32) -> 30 | F32: =FIND("#",B32) -> 38 | G32: =VLOOKUP(D32,Лист3!A:F,2,0)&MID(B32,4,E32-5)&"]]"&VLOOKUP(D32,Лист3!A:F,4,0) -> - [[Rotes in groups# RotesWK (Wu-Keng)|Crippled Lotus Curse, The]] Wu Keng
... A34: 31 | B34: - [Shih-Huang-Ti's Marvelous Game](RotesWK#ShihHuTisMaGa) | C34: - [Shih-Huang-Ti's Marvelous Game | D34: RotesWK | E34: =FIND("(",B34) -> 35 | F34: =FIND("#",B34) -> 43 | G34: =VLOOKUP(D34,Лист3!A:F,2,0)&MID(B34,4,E34-5)&"]]"&VLOOKUP(D34,Лист3!A:F,4,0) -> - [[Rotes in groups# RotesWK (Wu-Keng)|Shih-Huang-Ti's Marvelous Game]] Wu Keng

Sheet энт
A1: 38 | B1: **ENTROPY LEVEL 1 ROTES** | C1: **ENTROPY LEVEL 1 ROTES** | E1: =FIND("(",B1) -> #VALUE! | F1: =FIND("#",B1) -> #VALUE! | G1: =VLOOKUP(D1,Лист3!A:F,2,0)&MID(B1,4,E1-5)&"]]"&VLOOKUP(D1,Лист3!A:F,4,0) -> #N/A
A2: 41 | B2: - [Locate Disorder And Weakness](RotesSE#LocDiAndWe) | C2: - [Locate Disorder And Weakness | D2: RotesSE | E2: =FIND("(",B2) -> 34 | F2: =FIND("#",B2) -> 42 | G2: =VLOOKUP(D2,Лист3!A:F,2,0)&MID(B2,5,E2-6)&"]]"&VLOOKUP(D2,Лист3!A:F,4,0) -> - [[Rotes in sphere# RotesSE (Entropy effects)|Locate Disorder And Weakness]] Sphere-rote
A3: 44 | B3: - [Ring Of Truth](RotesSE#RingOfTr) | C3: - [Ring Of Truth | D3: RotesSE | E3: =FIND("(",B3) -> 19 | F3: =FIND("#",B3) -> 27 | G3: =VLOOKUP(D3,Лист3!A:F,2,0)&MID(B3,5,E3-6)&"]]"&VLOOKUP(D3,Лист3!A:F,4,0) -> - [[Rotes in sphere# RotesSE (Entropy effects)|Ring Of Truth]] Sphere-rote
A4: 45 | B4: - [Sense Corruption](RotesCeC#SenCo) | C4: - [Sense Corruption | D4: RotesCeC | G4: =B4&VLOOKUP(D4,Лист3!A:F,4,0) -> - [Sense Corruption](RotesCeC#SenCo) Celestial Chorus
A5: 47 | B5: - [Trip, The](RotesCuOE#Trip) | C5: - [Trip, The | D5: RotesCuOE | G5: =B5&VLOOKUP(D5,Лист3!A:F,4,0) -> - [Trip, The](RotesCuOE#Trip) Cult of Ecstasy
A6: 39 | B6: - [Burn Out](RotesG#BurnOut) | C6: - [Burn Out | D6: RotesG | E6: =FIND("(",B6) -> 14 | F6: =FIND("#",B6) -> 21 | G6: =VLOOKUP(D6,Лист3!A:F,2,0)&MID(B6,5,E6-6)&"]]"&VLOOKUP(D6,Лист3!A:F,4,0) -> - [[Rotes in groups# RotesG (General)|Burn Out]] General
A7: 40 | B7: - [Hermes Brand](RotesOOH#HerBr) | C7: - [Hermes Brand | D7: RotesOOH | E7: =FIND("(",B7) -> 18 | F7: =FIND("#",B7) -> 27 | G7: =VLOOKUP(D7,Лист3!A:F,2,0)&MID(B7,5,E7-6)&"]]"&VLOOKUP(D7,Лист3!A:F,4,0) -> - [[Rotes in groups# RotesOOH (Order of Hermes)|Hermes Brand]] Order of Hermes
A8: 42 | B8: - [Oathbreaker's Lash](RotesOOH#OatLa) | C8: - [Oathbreaker's Lash | D8: RotesOOH | E8: =FIND("(",B8) -> 24 | F8: =FIND("#",B8) -> 33 | G8: =VLOOKUP(D8,Лист3!A:F,2,0)&MID(B8,5,E8-6)&"]]"&VLOOKUP(D8,Лист3!A:F,4,0) -> - [[Rotes in groups# RotesOOH (Order of Hermes)|Oathbreaker's Lash]] Order of Hermes
A9: 43 | B9: - [Organize](RotesIX#Org) | C9: - [Organize | D9: RotesIX | E9: =FIND("(",B9) -> 14 | F9: =FIND("#",B9) -> 22 | G9: =VLOOKUP(D9,Лист3!A:F,2,0)&MID(B9,5,E9-6)&"]]"&VLOOKUP(D9,Лист3!A:F,4,0) -> - [[Rotes in groups# RotesIX (Iteration X)|Organize]] :RaCog: Iteration X
A10: 46 | B10: - [Silent Promise Of The Spring Tortoise](RotesWK#SilPrOfTheSpTo) | C10: - [Silent Promise Of The Spring Tortoise | D10: RotesWK | E10: =FIND("(",B10) -> 43 | F10: =FIND("#",B10) -> 51 | G10: =VLOOKUP(D10,Лист3!A:F,2,0)&MID(B10,5,E10-6)&"]]"&VLOOKUP(D10,Лист3!A:F,4,0) -> - [[Rotes in groups# RotesWK (Wu-Keng)|Silent Promise Of The Spring Tortoise]] Wu Keng
A12: 49 | B12: **ENTROPY LEVEL 2 ROTES** | C12: **ENTROPY LEVEL 2 ROTES** | E12: =FIND("(",B12) -> #VALUE! | F12: =FIND("#",B12) -> #VALUE! | G12: =VLOOKUP(D12,Лист3!A:F,2,0)&MID(B12,4,E12-5)&"]]"&VLOOKUP(D12,Лист3!A:F,4,0) -> #N/A
A13: 50 | B13: - [Beginner's Luck](RotesSE#BegLu) | C13: - [Beginner's Luck | D13: RotesSE | E13: =FIND("(",B13) -> 21 | F13: =FIND("#",B13) -> 29 | G13: =VLOOKUP(D13,Лист3!A:F,2,0)&MID(B13,5,E13-6)&"]]"&VLOOKUP(D13,Лист3!A:F,4,0) -> - [[Rotes in sphere# RotesSE (Entropy effects)|Beginner's Luck]] Sphere-rote
A14: 51 | B14: - [Games Of Luck](RotesSE#GamOfLu) | C14: - [Games Of Luck | D14: RotesSE | E14: =FIND("(",B14) -> 19 | F14: =FIND("#",B14) -> 27 | G14: =VLOOKUP(D14,Лист3!A:F,2,0)&MID(B14,5,E14-6)&"]]"&VLOOKUP(D14,Лист3!A:F,4,0) -> - [[Rotes in sphere# RotesSE (Entropy effects)|Games Of Luck]] Sphere-rote
A15: 56 | B15: - [Random Impulse](RotesE#RanIm) | C15: - [Random Impulse | D15: RotesE | G15: =B15&VLOOKUP(D15,Лист3!A:F,4,0) -> - [Random Impulse](RotesE#RanIm) Euthanatos
A16: 59 | B16: - [Statistical Mechanics](RotesIX#StaMe) | C16: - [Statistical Mechanics | D16: RotesIX | E16: =FIND("(",B16) -> 27 | F16: =FIND("#",B16) -> 35 | G16: =VLOOKUP(D16,Лист3!A:F,2,0)&MID(B16,5,E16-6)&"]]"&VLOOKUP(D16,Лист3!A:F,4,0) -> - [[Rotes in groups# RotesIX (Iteration X)|Statistical Mechanics]] :RaCog: Iteration X
A17: 54 | B17: - [Destructive Paranoia](RotesNWO#DesPa) | C17: - [Destructive Paranoia | D17: RotesNWO | E17: =FIND("(",B17) -> 26 | F17: =FIND("#",B17) -> 35 | G17: =VLOOKUP(D17,Лист3!A:F,2,0)&MID(B17,5,E17-6)&"]]"&VLOOKUP(D17,Лист3!A:F,4,0) -> - [[Rotes in groups# RotesNWO (New world order)|Destructive Paranoia]] :RaCog: New World Order
A18: 55 | B18: - [Psychological Breaking Point](RotesNWO#PsyBrPo) | C18: - [Psychological Breaking Point | D18: RotesNWO | E18: =FIND("(",B18) -> 34 | F18: =FIND("#",B18) -> 43 | G18: =VLOOKUP(D18,Лист3!A:F,2,0)&MID(B18,5,E18-6)&"]]"&VLOOKUP(D18,Лист3!A:F,4,0) -> - [[Rotes in groups# RotesNWO (New world order)|Psychological Breaking Point]] :RaCog: New World Order
A19: 52 | B19: - [Chaos Butterfly](RotesOOH#ChaBu) | C19: - [Chaos Butterfly | D19: RotesOOH | E19: =FIND("(",B19) -> 21 | F19: =FIND("#",B19) -> 30 | G19: =VLOOKUP(D19,Лист3!A:F,2,0)&MID(B19,5,E19-6)&"]]"&VLOOKUP(D19,Лист3!A:F,4,0) -> - [[Rotes in groups# RotesOOH (Order of Hermes)|Chaos Butterfly]] Order of Hermes
A20: 61 | B20: - [Unraveling The Text](RotesOOH#UnrTheTe) | C20: - [Unraveling The Text | D20: RotesOOH | E20: =FIND("(",B20) -> 25 | F20: =FIND("#",B20) -> 34 | G20: =VLOOKUP(D20,Лист3!A:F,2,0)&MID(B20,5,E20-6)&"]]"&VLOOKUP(D20,Лист3!A:F,4,0) -> - [[Rotes in groups# RotesOOH (Order of Hermes)|Unraveling The Text]] Order of Hermes
A21: 53 | B21: - [Conclave Wellness Works](RotesSiOH#ConWeWo) | C21: - [Conclave Wellness Works | D21: RotesSiOH | E21: =FIND("(",B21) -> 29 | F21: =FIND("#",B21) -> 39 | G21: =VLOOKUP(D21,Лист3!A:F,2,0)&MID(B21,5,E21-6)&"]]"&VLOOKUP(D21,Лист3!A:F,4,0) -> - [[Rotes in groups# RotesSiOH (Sisters of Hippolyta)|Conclave Wellness Works]] Sisters of Hippolyta
A22: 58 | B22: - [Stacking The Deck](RotesSy#StaTheDe) | C22: - [Stacking The Deck | D22: RotesSy | E22: =FIND("(",B22) -> 23 | F22: =FIND("#",B22) -> 31 | G22: =VLOOKUP(D22,Лист3!A:F,2,0)&MID(B22,5,E22-6)&"]]"&VLOOKUP(D22,Лист3!A:F,4,0) -> - [[Rotes in groups# RotesSy (Syndicate)|Stacking The Deck]] :RaCog: Syncidate
A23: 57 | B23: - [Recant](RotesTe#Rec) | C23: - [Recant | D23: RotesTe | E23: =FIND("(",B23) -> 12 | F23: =FIND("#",B23) -> 20 | G23: =VLOOKUP(D23,Лист3!A:F,2,0)&MID(B23,5,E23-6)&"]]"&VLOOKUP(D23,Лист3!A:F,4,0) -> - [[Rotes in groups# RotesTe (Templars)|Recant]] Templars
A24: 60 | B24: - [Thief In The Night](RotesTe#ThiInTheNi) | C24: - [Thief In The Night | D24: RotesTe | E24: =FIND("(",B24) -> 24 | F24: =FIND("#",B24) -> 32 | G24: =VLOOKUP(D24,Лист3!A:F,2,0)&MID(B24,5,E24-6)&"]]"&VLOOKUP(D24,Лист3!A:F,4,0) -> - [[Rotes in groups# RotesTe (Templars)|Thief In The Night]] Templars
A26: 63
A27: 64
A28: 65
A29: 66
A30: 67
A31: 68
A32: 69
A33: 70
A34: 71
A35: 72
A36: 73
A37: 74
... A52: 89

Sheet время
A1: **TIME LEVEL 1 ROTES** | B1: **TIME LEVEL 1 ROTES** | D1: =FIND("(",A1) -> #VALUE! | E1: =FIND("#",A1) -> #VALUE! | F1: =VLOOKUP(C1,Лист3!A:F,2,0)&MID(A1,5,D1-6)&"]]"&VLOOKUP(C1,Лист3!A:F,4,0) -> #N/A
A2: - [Perfect Time](RotesST#PerTi) | B2: - [Perfect Time | C2: RotesST | D2: =FIND("(",A2) -> 18 | E2: =FIND("#",A2) -> 26 | F2: =VLOOKUP(C2,Лист3!A:F,2,0)&MID(A2,5,D2-6)&"]]"&VLOOKUP(C2,Лист3!A:F,4,0) -> - [[Rotes in sphere# RotesST (Time effects)|Perfect Time]] Sphere-rote
A3: - [Time Sense](RotesST#TimeSe) | B3: - [Time Sense | C3: RotesST | D3: =FIND("(",A3) -> 16 | E3: =FIND("#",A3) -> 24 | F3: =VLOOKUP(C3,Лист3!A:F,2,0)&MID(A3,5,D3-6)&"]]"&VLOOKUP(C3,Лист3!A:F,4,0) -> - [[Rotes in sphere# RotesST (Time effects)|Time Sense]] Sphere-rote
A4: - [Rigid Schedule](RotesIX#RigSc) | B4: - [Rigid Schedule | C4: RotesIX | D4: =FIND("(",A4) -> 20 | E4: =FIND("#",A4) -> 28 | F4: =VLOOKUP(C4,Лист3!A:F,2,0)&MID(A4,5,D4-6)&"]]"&VLOOKUP(C4,Лист3!A:F,4,0) -> - [[Rotes in groups# RotesIX (Iteration X)|Rigid Schedule]] :RaCog: Iteration X
A5: - [Time-Motion Study](RotesIX#TimeMoSt) | B5: - [Time-Motion Study | C5: RotesIX | D5: =FIND("(",A5) -> 23 | E5: =FIND("#",A5) -> 31 | F5: =VLOOKUP(C5,Лист3!A:F,2,0)&MID(A5,5,D5-6)&"]]"&VLOOKUP(C5,Лист3!A:F,4,0) -> - [[Rotes in groups# RotesIX (Iteration X)|Time-Motion Study]] :RaCog: Iteration X
A6: - [Synchronize Watches](RotesNWO#SynWa) | B6: - [Synchronize Watches | C6: RotesNWO | D6: =FIND("(",A6) -> 25 | E6: =FIND("#",A6) -> 34 | F6: =VLOOKUP(C6,Лист3!A:F,2,0)&MID(A6,5,D6-6)&"]]"&VLOOKUP(C6,Лист3!A:F,4,0) -> - [[Rotes in groups# RotesNWO (New world order)|Synchronize Watches]] :RaCog: New World Order
A7: - [Evaluate Fourth Dimensional Fabric](RotesVoE#EvaFoDiFa) | B7: - [Evaluate Fourth Dimensional Fabric | C7: RotesVoE | D7: =FIND("(",A7) -> 40 | E7: =FIND("#",A7) -> 49 | F7: =VLOOKUP(C7,Лист3!A:F,2,0)&MID(A7,5,D7-6)&"]]"&VLOOKUP(C7,Лист3!A:F,4,0) -> - [[Rotes in groups# RotesVoE (Void Engineers)|Evaluate Fourth Dimensional Fabric]] :RaCog: Void Engineers
A9: **TIME LEVEL 2 ROTES** | B9: **TIME LEVEL 2 ROTES** | D9: =FIND("(",A9) -> #VALUE! | E9: =FIND("#",A9) -> #VALUE! | F9: =VLOOKUP(C9,Лист3!A:F,2,0)&MID(A9,5,D9-6)&"]]"&VLOOKUP(C9,Лист3!A:F,4,0) -> #N/A
A10: - [Shed The Years](RotesSE#SheTheYe) | B10: - [Shed The Years | C10: RotesSE | D10: =FIND("(",A10) -> 20 | E10: =FIND("#",A10) -> 28 | F10: =VLOOKUP(C10,Лист3!A:F,2,0)&MID(A10,5,D10-6)&"]]"&VLOOKUP(C10,Лист3!A:F,4,0) -> - [[Rotes in sphere# RotesSE (Entropy effects)|Shed The Years]] Sphere-rote
A11: - [Divinations](RotesST#Div) | B11: - [Divinations | C11: RotesST | D11: =FIND("(",A11) -> 17 | E11: =FIND("#",A11) -> 25 | F11: =VLOOKUP(C11,Лист3!A:F,2,0)&MID(A11,5,D11-6)&"]]"&VLOOKUP(C11,Лист3!A:F,4,0) -> - [[Rotes in sphere# RotesST (Time effects)|Divinations]] Sphere-rote
A12: - [Time Wards](RotesST#TimeWa) | B12: - [Time Wards | C12: RotesST | D12: =FIND("(",A12) -> 16 | E12: =FIND("#",A12) -> 24 | F12: =VLOOKUP(C12,Лист3!A:F,2,0)&MID(A12,5,D12-6)&"]]"&VLOOKUP(C12,Лист3!A:F,4,0) -> - [[Rotes in sphere# RotesST (Time effects)|Time Wards]] Sphere-rote
A13: - [Trip, The](RotesCuOE#Trip) | B13: - [Trip, The | C13: RotesCuOE | F13: =A13&VLOOKUP(C13,Лист3!A:D,4,0) -> - [Trip, The](RotesCuOE#Trip) Cult of Ecstasy
A14: - [Song Of Orpheus](RotesG#SongOfOr) | B14: - [Song Of Orpheus | C14: RotesG | D14: =FIND("(",A14) -> 21 | E14: =FIND("#",A14) -> 28 | F14: =VLOOKUP(C14,Лист3!A:F,2,0)&MID(A14,5,D14-6)&"]]"&VLOOKUP(C14,Лист3!A:F,4,0) -> - [[Rotes in groups# RotesG (General)|Song Of Orpheus]] General
A15: - [Penny Dreadful's Bright New Penny](RotesHoO#PenDrBrNewPe)Б | B15: - [Penny Dreadful's Bright New Penny | C15: RotesHoO | D15: =FIND("(",A15) -> 39 | E15: =FIND("#",A15) -> 48 | F15: =VLOOKUP(C15,Лист3!A:F,2,0)&MID(A15,5,D15-6)&"]]"&VLOOKUP(C15,Лист3!A:F,4,0) -> - [[Rotes in groups# RotesHoO (Hollow Ones)|Penny Dreadful's Bright New Penny]] Hollow Ones
A16: - [Planned Projection](RotesIX#PlaPr) | B16: - [Planned Projection | C16: RotesIX | D16: =FIND("(",A16) -> 24 | E16: =FIND("#",A16) -> 32 | F16: =VLOOKUP(C16,Лист3!A:F,2,0)&MID(A16,5,D16-6)&"]]"&VLOOKUP(C16,Лист3!A:F,4,0) -> - [[Rotes in groups# RotesIX (Iteration X)|Planned Projection]] :RaCog: Iteration X
A17: - [Hail Of Bullets](RotesNWO#HailOfBu) | B17: - [Hail Of Bullets | C17: RotesNWO | D17: =FIND("(",A17) -> 21 | E17: =FIND("#",A17) -> 30 | F17: =VLOOKUP(C17,Лист3!A:F,2,0)&MID(A17,5,D17-6)&"]]"&VLOOKUP(C17,Лист3!A:F,4,0) -> - [[Rotes in groups# RotesNWO (New world order)|Hail Of Bullets]] :RaCog: New World Order
A18: - [PIN Drop](RotesSy#PinDr) | B18: - [PIN Drop | C18: RotesSy | D18: =FIND("(",A18) -> 14 | E18: =FIND("#",A18) -> 22 | F18: =VLOOKUP(C18,Лист3!A:F,2,0)&MID(A18,5,D18-6)&"]]"&VLOOKUP(C18,Лист3!A:F,4,0) -> - [[Rotes in groups# RotesSy (Syndicate)|PIN Drop]] :RaCog: Syncidate
A19: - [Quo Vadis?](RotesTe#WhiGoTh) | B19: - [Quo Vadis? | C19: RotesTe | D19: =FIND("(",A19) -> 16 | E19: =FIND("#",A19) -> 24 | F19: =VLOOKUP(C19,Лист3!A:F,2,0)&MID(A19,5,D19-6)&"]]"&VLOOKUP(C19,Лист3!A:F,4,0) -> - [[Rotes in groups# RotesTe (Templars)|Quo Vadis?]] Templars
A20: - [Whither Goest Thou?](RotesTe#WhiGoTh) | | B20: - [Whither Goest Thou? | C20: RotesTe | D20: =FIND("(",A20) -> 25 | E20: =FIND("#",A20) -> 33 | F20: =VLOOKUP(C20,Лист3!A:F,2,0)&MID(A20,5,D20-6)&"]]"&VLOOKUP(C20,Лист3!A:F,4,0) -> - [[Rotes in groups# RotesTe (Templars)|Whither Goest Thou?]] Templars
A21: - [Manipulate Time Fragment](RotesVoE#ManTiFr) | B21: - [Manipulate Time Fragment | C21: RotesVoE | D21: =FIND("(",A21) -> 30 | E21: =FIND("#",A21) -> 39 | F21: =VLOOKUP(C21,Лист3!A:F,2,0)&MID(A21,5,D21-6)&"]]"&VLOOKUP(C21,Лист3!A:F,4,0) -> - [[Rotes in groups# RotesVoE (Void Engineers)|Manipulate Time Fragment]] :RaCog: Void Engineers
A23: - **TIME LEVEL 3 ROTES** | B23: - **TIME LEVEL 3 ROTES** | D23: =FIND("(",A23) -> #VALUE! | E23: =FIND("#",A23) -> #VALUE! | F23: =VLOOKUP(C23,Лист3!A:F,2,0)&MID(A23,5,D23-6)&"]]"&VLOOKUP(C23,Лист3!A:F,4,0) -> #N/A
A24: - [Distort Time](RotesST#DisTi) | B24: - [Distort Time | C24: RotesST | D24: =FIND("(",A24) -> 18 | E24: =FIND("#",A24) -> 26 | F24: =VLOOKUP(C24,Лист3!A:F,2,0)&MID(A24,5,D24-6)&"]]"&VLOOKUP(C24,Лист3!A:F,4,0) -> - [[Rotes in sphere# RotesST (Time effects)|Distort Time]] Sphere-rote
A25: - [Time Warp](RotesST#TimeWa) | B25: - [Time Warp | C25: RotesST | D25: =FIND("(",A25) -> 15 | E25: =FIND("#",A25) -> 23 | F25: =VLOOKUP(C25,Лист3!A:F,2,0)&MID(A25,5,D25-6)&"]]"&VLOOKUP(C25,Лист3!A:F,4,0) -> - [[Rotes in sphere# RotesST (Time effects)|Time Warp]] Sphere-rote
A26: - [Book Of Whispers](RotesOOH#BookOfWh) | B26: - [Book Of Whispers | C26: RotesOOH | D26: =FIND("(",A26) -> 22 | E26: =FIND("#",A26) -> 31 | F26: =VLOOKUP(C26,Лист3!A:F,2,0)&MID(A26,5,D26-6)&"]]"&VLOOKUP(C26,Лист3!A:F,4,0) -> - [[Rotes in groups# RotesOOH (Order of Hermes)|Book Of Whispers]] Order of Hermes
A27: - [Download Specialization](RotesNWO#DowSp) | B27: - [Download Specialization | C27: RotesNWO | D27: =FIND("(",A27) -> 29 | E27: =FIND("#",A27) -> 38 | F27: =VLOOKUP(C27,Лист3!A:F,2,0)&MID(A27,5,D27-6)&"]]"&VLOOKUP(C27,Лист3!A:F,4,0) -> - [[Rotes in groups# RotesNWO (New world order)|Download Specialization]] :RaCog: New World Order

Sheet Лист3
A1: RotesSC | B1: ="- [[Rotes in sphere#"&C1&"|" -> - [[Rotes in sphere# RotesSC (Correspondence Effects)| | C1: RotesSC (Correspondence Effects) | D1: Sphere-rote
A2: RotesSE | B2: ="- [[Rotes in sphere#"&C2&"|" -> - [[Rotes in sphere# RotesSE (Entropy effects)| | C2: RotesSE (Entropy effects) | D2: Sphere-rote
B3: ="- [[Rotes in sphere#"&C3&"|" -> - [[Rotes in sphere# RotesSF (Forces effects)| | C3: RotesSF (Forces effects) | D3: Sphere-rote
B4: ="- [[Rotes in sphere#"&C4&"|" -> - [[Rotes in sphere# RotesSL (Life effects)| | C4: RotesSL (Life effects) | D4: Sphere-rote
B5: ="- [[Rotes in sphere#"&C5&"|" -> - [[Rotes in sphere# RotesSM (Matter effects)| | C5: RotesSM (Matter effects) | D5: Sphere-rote
B6: ="- [[Rotes in sphere#"&C6&"|" -> - [[Rotes in sphere# RotesSmi (Mind effects)| | C6: RotesSmi (Mind effects) | D6: Sphere-rote
B7: ="- [[Rotes in sphere#"&C7&"|" -> - [[Rotes in sphere# RotesSP (Prime effects)| | C7: RotesSP (Prime effects) | D7: Sphere-rote
B8: ="- [[Rotes in sphere#"&C8&"|" -> - [[Rotes in sphere# RotesSS (Spirit effects)| | C8: RotesSS (Spirit effects) | D8: Sphere-rote
A9: RotesST | B9: ="- [[Rotes in sphere#"&C9&"|" -> - [[Rotes in sphere# RotesST (Time effects)| | C9: RotesST (Time effects) | D9: Sphere-rote
A10: RotesAhIB | B10: ="- [[Rotes in groups#"&C10&"|" -> - [[Rotes in groups#| | D10: Alh-i-Batin
A11: RotesCeC | B11: ="- [[Rotes in groups#"&C11&"|" -> - [[Rotes in groups#| | D11: Celestial Chorus
A12: RotesCuOE | B12: ="- [[Rotes in groups#"&C12&"|" -> - [[Rotes in groups#| | D12: Cult of Ecstasy
A13: RotesDo | B13: ="- [[Rotes in groups#"&C13&"|" -> - [[Rotes in groups#| | D13: Do (Akashic)
A14: RotesDr | B14: ="- [[Rotes in groups#"&C14&"|" -> - [[Rotes in groups#| | D14: Dreamspeakers
A15: RotesE | B15: ="- [[Rotes in groups#"&C15&"|" -> - [[Rotes in groups#| | D15: Euthanatos
A16: RotesG | B16: ="- [[Rotes in groups#"&C16&"|" -> - [[Rotes in groups# RotesG (General)| | C16: RotesG (General) | D16: General
A17: RotesHoO | B17: ="- [[Rotes in groups#"&C17&"|" -> - [[Rotes in groups# RotesHoO (Hollow Ones)| | C17: RotesHoO (Hollow Ones) | D17: Hollow Ones
A18: RotesIX | B18: ="- [[Rotes in groups#"&C18&"|" -> - [[Rotes in groups# RotesIX (Iteration X)| | C18: RotesIX (Iteration X) | D18: :RaCog: Iteration X
A19: RotesNWO | B19: ="- [[Rotes in groups#"&C19&"|" -> - [[Rotes in groups# RotesNWO (New world order)| | C19: RotesNWO (New world order) | D19: :RaCog: New World Order
A20: RotesOOH | B20: ="- [[Rotes in groups#"&C20&"|" -> - [[Rotes in groups# RotesOOH (Order of Hermes)| | C20: RotesOOH (Order of Hermes) | D20: Order of Hermes
A21: RotesSiOH | B21: ="- [[Rotes in groups#"&C21&"|" -> - [[Rotes in groups# RotesSiOH (Sisters of Hippolyta)| | C21: RotesSiOH (Sisters of Hippolyta) | D21: Sisters of Hippolyta
A22: RotesSoOE | B22: ="- [[Rotes in groups#"&C22&"|" -> - [[Rotes in groups#| | D22: Sons of Ether
A23: RotesSy | B23: ="- [[Rotes in groups#"&C23&"|" -> - [[Rotes in groups# RotesSy (Syndicate)| | C23: RotesSy (Syndicate) | D23: :RaCog: Syncidate
A24: RotesTe | B24: ="- [[Rotes in groups#"&C24&"|" -> - [[Rotes in groups# RotesTe (Templars)| | C24: RotesTe (Templars) | D24: Templars
A25: RotesVoE | B25: ="- [[Rotes in groups#"&C25&"|" -> - [[Rotes in groups# RotesVoE (Void Engineers)| | C25: RotesVoE (Void Engineers) | D25: :RaCog: Void Engineers
A26: RotesWK | B26: ="- [[Rotes in groups#"&C26&"|" -> - [[Rotes in groups# RotesWK (Wu-Keng)| | C26: RotesWK (Wu-Keng) | D26: Wu Keng
A27: RotesPr | B27: ="- [[Rotes in groups#"&C27&"|" -> - [[Rotes in groups# RotesPr (Progenitors)| | C27: RotesPr (Progenitors) | D27: :RaCog: Progenitors
A28: RotesViA | B28: ="- [[Rotes in groups#"&C28&"|" -> - [[Rotes in groups# RotesViA (Virt Adepts)| | C28: RotesViA (Virt Adepts) | D28: Virtual Adepts

Sheet тех
A1: RotesSC | B1: ="- [[Rotes in sphere#"&C1&"|" -> - [[Rotes in sphere#RotesSC (Correspondence Effects)| | C1: RotesSC (Correspondence Effects) | D1: Sphere-rote | E1: Sphere rote
A2: RotesSE | B2: ="- [[Rotes in sphere#"&C2&"|" -> - [[Rotes in sphere#RotesSE (Entropy effects)| | C2: RotesSE (Entropy effects) | D2: Sphere-rote | E2: Sphere rote
B3: ="- [[Rotes in sphere#"&C3&"|" -> - [[Rotes in sphere#RotesSF (Forces effects)| | C3: RotesSF (Forces effects) | D3: Sphere-rote | E3: Sphere rote
B4: ="- [[Rotes in sphere#"&C4&"|" -> - [[Rotes in sphere#RotesSL (Life effects)| | C4: RotesSL (Life effects) | D4: Sphere-rote | E4: Sphere rote
B5: ="- [[Rotes in sphere#"&C5&"|" -> - [[Rotes in sphere#RotesSM (Matter effects)| | C5: RotesSM (Matter effects) | D5: Sphere-rote | E5: Sphere rote
A6: RotesSMi | B6: ="- [[Rotes in sphere#"&C6&"|" -> - [[Rotes in sphere#RotesSmi (Mind effects)| | C6: RotesSmi (Mind effects) | D6: Sphere-rote | E6: Sphere rote
A7: RotesSP | B7: ="- [[Rotes in sphere#"&C7&"|" -> - [[Rotes in sphere#RotesSP (Prime effects)| | C7: RotesSP (Prime effects) | D7: Sphere-rote | E7: Sphere rote
B8: ="- [[Rotes in sphere#"&C8&"|" -> - [[Rotes in sphere#RotesSS (Spirit effects)| | C8: RotesSS (Spirit effects) | D8: Sphere-rote | E8: Sphere rote
A9: RotesST | B9: ="- [[Rotes in sphere#"&C9&"|" -> - [[Rotes in sphere#RotesST (Time effects)| | C9: RotesST (Time effects) | D9: Sphere-rote | E9: Sphere rote
A10: RotesAhIB | B10: broken | D10: Alh-i-Batin | E10: Craft
A11: RotesSiOH | B11: ="- [[Rotes in groups#"&C11&"|" -> - [[Rotes in groups#RotesSiOH (Sisters of Hippolyta)| | C11: RotesSiOH (Sisters of Hippolyta) | D11: Sisters of Hippolyta | E11: Craft
A12: RotesTe | B12: ="- [[Rotes in groups#"&C12&"|" -> - [[Rotes in groups#RotesTe (Templars)| | C12: RotesTe (Templars) | D12: Templars | E12: Craft
A13: RotesWK | B13: ="- [[Rotes in groups#"&C13&"|" -> - [[Rotes in groups#RotesWK (Wu-Keng)| | C13: RotesWK (Wu-Keng) | D13: Wu Keng | E13: Craft
A14: RotesIX | B14: ="- [[Rotes in groups#"&C14&"|" -> - [[Rotes in groups#RotesIX (Iteration X)| | C14: RotesIX (Iteration X) | D14: 🔋 Iteration X | E14: Techocrathy
A15: RotesNWO | B15: ="- [[Rotes in groups#"&C15&"|" -> - [[Rotes in groups#RotesNWO (New world order)| | C15: RotesNWO (New world order) | D15: 🔋 New World Order | E15: Techocrathy
A16: RotesSy | B16: ="- [[Rotes in groups#"&C16&"|" -> - [[Rotes in groups#RotesSy (Syndicate)| | C16: RotesSy (Syndicate) | D16: 🔋 Syncidate | E16: Techocrathy
A17: RotesVoE | B17: ="- [[Rotes in groups#"&C17&"|" -> - [[Rotes in groups#RotesVoE (Void Engineers)| | C17: RotesVoE (Void Engineers) | D17: 🔋 Void Engineers | E17: Techocrathy
A18: RotesPr | B18: ="- [[Rotes in groups#"&C18&"|" -> - [[Rotes in groups#RotesPr (Progenitors)| | C18: RotesPr (Progenitors) | D18: 🔋 Progenitors | E18: Techocrathy
A19: RotesCeC | B19: broken | D19: Celestial Chorus | E19: Tradition
A20: RotesCuOE | B20: broken | D20: Cult of Ecstasy | E20: Tradition
A21: RotesDr | B21: broken | D21: Dreamspeakers | E21: Tradition
A22: RotesE | B22: broken | D22: Euthanatos | E22: Tradition
A23: RotesHoO | B23: ="- [[Rotes in groups#"&C23&"|" -> - [[Rotes in groups#RotesHoO (Hollow Ones)| | C23: RotesHoO (Hollow Ones) | D23: Hollow Ones | E23: Tradition
A24: RotesOOH | B24: ="- [[Rotes in groups#"&C24&"|" -> - [[Rotes in groups#RotesOOH (Order of Hermes)| | C24: RotesOOH (Order of Hermes) | D24: Order of Hermes | E24: Tradition
A25: RotesSoOE | B25: broken | D25: Sons of Ether | E25: Tradition
A26: RotesViA | B26: ="- [[Rotes in groups#"&C26&"|" -> - [[Rotes in groups#RotesViA (Virt Adepts)| | C26: RotesViA (Virt Adepts) | D26: Virtual Adepts | E26: Tradition
A27: RotesAkB | B27: broken | D27: Akashic Brotherhood | E27: Tradition
A28: RotesDo | B28: broken | D28: Do (Akashic) | E28: Tradition
A29: RotesG | B29: ="- [[Rotes in groups#"&C29&"|" -> - [[Rotes in groups#RotesG (General)| | C29: RotesG (General) | D29: General | E29: Tradition

Sheet пивот
A1: Количество по полю Name | B1: Названия столбцов | L1: Количество по полю Name | M1: Названия столбцов | R1: =GETPIVOTDATA("Name",$A$1,"Type","Techocrathy") -> 54 | S1: =R1/GETPIVOTDATA("Name",$L$1) -> 0.31952663
A2: Названия строк | B2: ENTROPY | C2: Prime | D2: Mind | E2: Time | F2: CORRESPONDENCE | G2: Общий итог | L2: Названия строк | M2: 1* | N2: 2* | O2: 3* | P2: Общий итог | R2: Tech/all | S2: Tech/all
A3: Sphere rote | B3: 6 | C3: 6 | D3: 5 | E3: 7 | F3: 6 | G3: 30 | L3: CORRESPONDENCE | M3: 11 | N3: 21 | P3: 32 | R3: =GETPIVOTDATA("Name",$A$1,"Sphere",L3,"Type","Techocrathy") -> 7 | S3: =R3/GETPIVOTDATA("Name",$L$1,"Sphere",L3) -> 0.21875
A4: Sphere-rote | B4: 6 | C4: 6 | D4: 5 | E4: 7 | F4: 6 | G4: 30 | L4: ENTROPY | M4: 9 | N4: 12 | O4: 10 | P4: 31 | R4: =GETPIVOTDATA("Name",$A$1,"Sphere",L4,"Type","Techocrathy") -> 8 | S4: =R4/GETPIVOTDATA("Name",$L$1,"Sphere",L4) -> 0.25806452
A5: Tradition | B5: 5 | C5: 16 | D5: 6 | E5: 3 | F5: 7 | G5: 37 | L5: Mind | M5: 8 | N5: 30 | P5: 38 | R5: =GETPIVOTDATA("Name",$A$1,"Sphere",L5,"Type","Techocrathy") -> 15 | S5: =R5/GETPIVOTDATA("Name",$L$1,"Sphere",L5) -> 0.39473684
A6: General | B6: 1 | C6: 6 | D6: 1 | E6: 1 | F6: 4 | G6: 13 | L6: Prime | M6: 7 | N6: 39 | P6: 46 | R6: =GETPIVOTDATA("Name",$A$1,"Sphere",L6,"Type","Techocrathy") -> 15 | S6: =R6/GETPIVOTDATA("Name",$L$1,"Sphere",L6) -> 0.32608696
A7: Hollow Ones | C7: 2 | D7: 2 | E7: 1 | G7: 5 | L7: Time | M7: 6 | N7: 12 | O7: 4 | P7: 22 | R7: =GETPIVOTDATA("Name",$A$1,"Sphere",L7,"Type","Techocrathy") -> 9 | S7: =R7/GETPIVOTDATA("Name",$L$1,"Sphere",L7) -> 0.40909091
A8: Order of Hermes | B8: 4 | C8: 7 | D8: 3 | E8: 1 | F8: 3 | G8: 18 | L8: Общий итог | M8: 41 | N8: 114 | O8: 14 | P8: 169 | R8: =GETPIVOTDATA("Name",$A$1,"Sphere",L8,"Type","Techocrathy") -> #REF! | S8: =R8/GETPIVOTDATA("Name",$L$1,"Sphere",L8) -> #REF!
A9: Virtual Adepts | C9: 1 | G9: 1 | R9: =GETPIVOTDATA("Name",$A$1,"Sphere",L9,"Type","Techocrathy") -> #REF! | S9: =R9/GETPIVOTDATA("Name",$L$1,"Sphere",L9) -> #REF!
A10: broken | B10: 5 | C10: 6 | D10: 6 | E10: 1 | F10: 5 | G10: 23
A11: Akashic Brotherhood | C11: 1 | D11: 2 | G11: 3
A12: Alh-i-Batin | D12: 1 | F12: 1 | G12: 2
A13: Celestial Chorus | B13: 1 | G13: 1
A14: Cult of Ecstasy | B14: 1 | D14: 1 | E14: 1 | F14: 1 | G14: 4
A15: Do (Akashic) | B15: 2 | C15: 2 | F15: 1 | G15: 5
A16: Dreamspeakers | C16: 1 | F16: 1 | G16: 2
A17: Euthanatos | B17: 1 | G17: 1
A18: Sons of Ether | C18: 2 | D18: 2 | F18: 1 | G18: 5
A19: Craft | B19: 7 | C19: 3 | D19: 6 | E19: 2 | F19: 7 | G19: 25
A20: Sisters of Hippolyta | B20: 1 | C20: 2 | D20: 2 | G20: 5
A21: Templars | B21: 3 | D21: 4 | E21: 2 | F21: 4 | G21: 13
A22: Wu Keng | B22: 3 | C22: 1 | F22: 3 | G22: 7
A23: Techocrathy | B23: 8 | C23: 15 | D23: 15 | E23: 9 | F23: 7 | G23: 54
A24: 🔋 Iteration X | B24: 2 | C24: 2 | D24: 3 | E24: 3 | F24: 2 | G24: 12
A25: 🔋 New World Order | B25: 4 | C25: 5 | D25: 5 | E25: 3 | F25: 4 | G25: 21
A26: 🔋 Progenitors | C26: 2 | G26: 2
A27: 🔋 Syncidate | B27: 1 | D27: 5 | E27: 1 | G27: 7
A28: 🔋 Void Engineers | B28: 1 | C28: 6 | D28: 2 | E28: 2 | F28: 1 | G28: 12
A29: Общий итог | B29: 31 | C29: 46 | D29: 38 | E29: 22 | F29: 32 | G29: 169

Sheet Лист1
A1: ### | B1: Sphere | C1: Dot | D1: Link | E1: Name | F1: Rotes | G1: From | H1: Type | I1: Wikilink
A2: =COUNTIF(E:E,E2) -> 1 | B2: CORRESPONDENCE | C2: 1* | E2: Landscape Of The Mind | F2: RotesSC | G2: =VLOOKUP(F2,тех!$A:$E,4,0) -> Sphere-rote | H2: =IF(VLOOKUP(F2,тех!$A:$E,2,0)="broken","broken",VLOOKUP(F2,тех!$A:$E,5,0)) -> Sphere rote | I2: =IF(VLOOKUP(F2,тех!$A:$E,2,0)="broken",CONCATENATE("- [",E2,"](",F2,")",G2),VLOOKUP(F2,тех!$A:$E,2,0)&E2&"]]"&G2) -> - [[Rotes in sphere#RotesSC (Correspondence Effects)|Landscape Of The Mind]] Sphere-rote
A3: =COUNTIF(E:E,E3) -> 1 | B3: CORRESPONDENCE | C3: 1* | E3: Sense Connection | F3: RotesSC | G3: =VLOOKUP(F3,тех!$A:$E,4,0) -> Sphere-rote | H3: =IF(VLOOKUP(F3,тех!$A:$E,2,0)="broken","broken",VLOOKUP(F3,тех!$A:$E,5,0)) -> Sphere rote | I3: =IF(VLOOKUP(F3,тех!$A:$E,2,0)="broken",CONCATENATE("- [",E3,"](",F3,")",G3),VLOOKUP(F3,тех!$A:$E,2,0)&E3&"]]"&G3) -> - [[Rotes in sphere#RotesSC (Correspondence Effects)|Sense Connection]] Sphere-rote
A4: =COUNTIF(E:E,E4) -> 1 | B4: CORRESPONDENCE | C4: 1* | E4: Whereami? | F4: RotesSC | G4: =VLOOKUP(F4,тех!$A:$E,4,0) -> Sphere-rote | H4: =IF(VLOOKUP(F4,тех!$A:$E,2,0)="broken","broken",VLOOKUP(F4,тех!$A:$E,5,0)) -> Sphere rote | I4: =IF(VLOOKUP(F4,тех!$A:$E,2,0)="broken",CONCATENATE("- [",E4,"](",F4,")",G4),VLOOKUP(F4,тех!$A:$E,2,0)&E4&"]]"&G4) -> - [[Rotes in sphere#RotesSC (Correspondence Effects)|Whereami?]] Sphere-rote
A5: =COUNTIF(E:E,E5) -> 1 | B5: CORRESPONDENCE | C5: 1* | E5: Flying Dragon Kick | F5: RotesDo | G5: =VLOOKUP(F5,тех!$A:$E,4,0) -> Do (Akashic) | H5: =IF(VLOOKUP(F5,тех!$A:$E,2,0)="broken","broken",VLOOKUP(F5,тех!$A:$E,5,0)) -> broken | I5: =IF(VLOOKUP(F5,тех!$A:$E,2,0)="broken",CONCATENATE("- [",E5,"](",F5,")",G5),VLOOKUP(F5,тех!$A:$E,2,0)&E5&"]]"&G5) -> - [Flying Dragon Kick](RotesDo) Do (Akashic)
A6: =COUNTIF(E:E,E6) -> 2 | B6: CORRESPONDENCE | C6: 1* | E6: Ariadne's Thread | F6: RotesG | G6: =VLOOKUP(F6,тех!$A:$E,4,0) -> General | H6: =IF(VLOOKUP(F6,тех!$A:$E,2,0)="broken","broken",VLOOKUP(F6,тех!$A:$E,5,0)) -> Tradition | I6: =IF(VLOOKUP(F6,тех!$A:$E,2,0)="broken",CONCATENATE("- [",E6,"](",F6,")",G6),VLOOKUP(F6,тех!$A:$E,2,0)&E6&"]]"&G6) -> - [[Rotes in groups#RotesG (General)|Ariadne's Thread]] General
A7: =COUNTIF(E:E,E7) -> 1 | B7: CORRESPONDENCE | C7: 1* | E7: Detect The Dream | F7: RotesG | G7: =VLOOKUP(F7,тех!$A:$E,4,0) -> General | H7: =IF(VLOOKUP(F7,тех!$A:$E,2,0)="broken","broken",VLOOKUP(F7,тех!$A:$E,5,0)) -> Tradition | I7: =IF(VLOOKUP(F7,тех!$A:$E,2,0)="broken",CONCATENATE("- [",E7,"](",F7,")",G7),VLOOKUP(F7,тех!$A:$E,2,0)&E7&"]]"&G7) -> - [[Rotes in groups#RotesG (General)|Detect The Dream]] General
A8: =COUNTIF(E:E,E8) -> 2 | B8: CORRESPONDENCE | C8: 1* | E8: Prime Location | F8: RotesG | G8: =VLOOKUP(F8,тех!$A:$E,4,0) -> General | H8: =IF(VLOOKUP(F8,тех!$A:$E,2,0)="broken","broken",VLOOKUP(F8,тех!$A:$E,5,0)) -> Tradition | I8: =IF(VLOOKUP(F8,тех!$A:$E,2,0)="broken",CONCATENATE("- [",E8,"](",F8,")",G8),VLOOKUP(F8,тех!$A:$E,2,0)&E8&"]]"&G8) -> - [[Rotes in groups#RotesG (General)|Prime Location]] General
A9: =COUNTIF(E:E,E9) -> 1 | B9: CORRESPONDENCE | C9: 1* | E9: Targeting Computation | F9: RotesIX | G9: =VLOOKUP(F9,тех!$A:$E,4,0) -> 🔋 Iteration X | H9: =IF(VLOOKUP(F9,тех!$A:$E,2,0)="broken","broken",VLOOKUP(F9,тех!$A:$E,5,0)) -> Techocrathy | I9: =IF(VLOOKUP(F9,тех!$A:$E,2,0)="broken",CONCATENATE("- [",E9,"](",F9,")",G9),VLOOKUP(F9,тех!$A:$E,2,0)&E9&"]]"&G9) -> - [[Rotes in groups#RotesIX (Iteration X)|Targeting Computation]] 🔋 Iteration X
A10: =COUNTIF(E:E,E10) -> 2 | B10: CORRESPONDENCE | C10: 1* | E10: Time-Motion Study | F10: RotesIX | G10: =VLOOKUP(F10,тех!$A:$E,4,0) -> 🔋 Iteration X | H10: =IF(VLOOKUP(F10,тех!$A:$E,2,0)="broken","broken",VLOOKUP(F10,тех!$A:$E,5,0)) -> Techocrathy | I10: =IF(VLOOKUP(F10,тех!$A:$E,2,0)="broken",CONCATENATE("- [",E10,"](",F10,")",G10),VLOOKUP(F10,тех!$A:$E,2,0)&E10&"]]"&G10) -> - [[Rotes in groups#RotesIX (Iteration X)|Time-Motion Study]] 🔋 Iteration X
A11: =COUNTIF(E:E,E11) -> 2 | B11: CORRESPONDENCE | C11: 1* | E11: Thief In The Night | F11: RotesTe | G11: =VLOOKUP(F11,тех!$A:$E,4,0) -> Templars | H11: =IF(VLOOKUP(F11,тех!$A:$E,2,0)="broken","broken",VLOOKUP(F11,тех!$A:$E,5,0)) -> Craft | I11: =IF(VLOOKUP(F11,тех!$A:$E,2,0)="broken",CONCATENATE("- [",E11,"](",F11,")",G11),VLOOKUP(F11,тех!$A:$E,2,0)&E11&"]]"&G11) -> - [[Rotes in groups#RotesTe (Templars)|Thief In The Night]] Templars
A12: =COUNTIF(E:E,E12) -> 1 | B12: CORRESPONDENCE | C12: 1* | E12: Calculate Kinematics | F12: RotesVoE | G12: =VLOOKUP(F12,тех!$A:$E,4,0) -> 🔋 Void Engineers | H12: =IF(VLOOKUP(F12,тех!$A:$E,2,0)="broken","broken",VLOOKUP(F12,тех!$A:$E,5,0)) -> Techocrathy | I12: =IF(VLOOKUP(F12,тех!$A:$E,2,0)="broken",CONCATENATE("- [",E12,"](",F12,")",G12),VLOOKUP(F12,тех!$A:$E,2,0)&E12&"]]"&G12) -> - [[Rotes in groups#RotesVoE (Void Engineers)|Calculate Kinematics]] 🔋 Void Engineers
A13: =COUNTIF(E:E,E13) -> 1 | B13: CORRESPONDENCE | C13: 2* | E13: Apportation | F13: RotesSC | G13: =VLOOKUP(F13,тех!$A:$E,4,0) -> Sphere-rote | H13: =IF(VLOOKUP(F13,тех!$A:$E,2,0)="broken","broken",VLOOKUP(F13,тех!$A:$E,5,0)) -> Sphere rote | I13: =IF(VLOOKUP(F13,тех!$A:$E,2,0)="broken",CONCATENATE("- [",E13,"](",F13,")",G13),VLOOKUP(F13,тех!$A:$E,2,0)&E13&"]]"&G13) -> - [[Rotes in sphere#RotesSC (Correspondence Effects)|Apportation]] Sphere-rote
... A54: =COUNTIF(E:E,E54) -> 2 | B54: ENTROPY | C54: 2* | E54: Thief In The Night | F54: RotesTe | G54: =VLOOKUP(F54,тех!$A:$E,4,0) -> Templars | H54: =IF(VLOOKUP(F54,тех!$A:$E,2,0)="broken","broken",VLOOKUP(F54,тех!$A:$E,5,0)) -> Craft | I54: =IF(VLOOKUP(F54,тех!$A:$E,2,0)="broken",CONCATENATE("- [",E54,"](",F54,")",G54),VLOOKUP(F54,тех!$A:$E,2,0)&E54&"]]"&G54) -> - [[Rotes in groups#RotesTe (Templars)|Thief In The Night]] Templars
A55: =COUNTIF(E:E,E55) -> 1 | B55: ENTROPY | C55: 3* | D55: [Behavior Modification Device](https://web.archive.org/web/20160523151858/http://www.thesubnet.com/portal/wod/mtas/RotesVoE.html#BehMoDe) | E55: =MID(D55,2,FIND("]",D55)-2) -> Behavior Modification Device | F55: =MID(D55,1+FIND("/Rotes",D55),FIND(".html",D55)-FIND("/Rotes",D55)-1) -> RotesVoE | G55: =VLOOKUP(F55,тех!$A:$E,4,0) -> 🔋 Void Engineers | H55: =IF(VLOOKUP(F55,тех!$A:$E,2,0)="broken","broken",VLOOKUP(F55,тех!$A:$E,5,0)) -> Techocrathy | I55: =IF(VLOOKUP(F55,тех!$A:$E,2,0)="broken",CONCATENATE("- [",E55,"](",F55,")",G55),VLOOKUP(F55,тех!$A:$E,2,0)&E55&"]]"&G55) -> - [[Rotes in groups#RotesVoE (Void Engineers)|Behavior Modification Device]] 🔋 Void Engineers
A56: =COUNTIF(E:E,E56) -> 1 | B56: ENTROPY | C56: 3* | D56: [Counterintelligence](https://web.archive.org/web/20160523151858/http://www.thesubnet.com/portal/wod/mtas/RotesNWO.html#Cou) | E56: =MID(D56,2,FIND("]",D56)-2) -> Counterintelligence | F56: =MID(D56,1+FIND("/Rotes",D56),FIND(".html",D56)-FIND("/Rotes",D56)-1) -> RotesNWO | G56: =VLOOKUP(F56,тех!$A:$E,4,0) -> 🔋 New World Order | H56: =IF(VLOOKUP(F56,тех!$A:$E,2,0)="broken","broken",VLOOKUP(F56,тех!$A:$E,5,0)) -> Techocrathy | I56: =IF(VLOOKUP(F56,тех!$A:$E,2,0)="broken",CONCATENATE("- [",E56,"](",F56,")",G56),VLOOKUP(F56,тех!$A:$E,2,0)&E56&"]]"&G56) -> - [[Rotes in groups#RotesNWO (New world order)|Counterintelligence]] 🔋 New World Order
A57: =COUNTIF(E:E,E57) -> 2 | B57: ENTROPY | C57: 3* | D57: [Crippled Lotus Curse, The](https://web.archive.org/web/20160523151858/http://www.thesubnet.com/portal/wod/mtas/RotesWK.html#LucOfTheLoCrLoCu) | E57: =MID(D57,2,FIND("]",D57)-2) -> Crippled Lotus Curse, The | F57: =MID(D57,1+FIND("/Rotes",D57),FIND(".html",D57)-FIND("/Rotes",D57)-1) -> RotesWK | G57: =VLOOKUP(F57,тех!$A:$E,4,0) -> Wu Keng | H57: =IF(VLOOKUP(F57,тех!$A:$E,2,0)="broken","broken",VLOOKUP(F57,тех!$A:$E,5,0)) -> Craft | I57: =IF(VLOOKUP(F57,тех!$A:$E,2,0)="broken",CONCATENATE("- [",E57,"](",F57,")",G57),VLOOKUP(F57,тех!$A:$E,2,0)&E57&"]]"&G57) -> - [[Rotes in groups#RotesWK (Wu-Keng)|Crippled Lotus Curse, The]] Wu Keng
A58: =COUNTIF(E:E,E58) -> 2 | B58: ENTROPY | C58: 3* | D58: [Disk-Doctor](https://web.archive.org/web/20160523151858/http://www.thesubnet.com/portal/wod/mtas/RotesTe.html#DiskDo) | E58: =MID(D58,2,FIND("]",D58)-2) -> Disk-Doctor | F58: =MID(D58,1+FIND("/Rotes",D58),FIND(".html",D58)-FIND("/Rotes",D58)-1) -> RotesTe | G58: =VLOOKUP(F58,тех!$A:$E,4,0) -> Templars | H58: =IF(VLOOKUP(F58,тех!$A:$E,2,0)="broken","broken",VLOOKUP(F58,тех!$A:$E,5,0)) -> Craft | I58: =IF(VLOOKUP(F58,тех!$A:$E,2,0)="broken",CONCATENATE("- [",E58,"](",F58,")",G58),VLOOKUP(F58,тех!$A:$E,2,0)&E58&"]]"&G58) -> - [[Rotes in groups#RotesTe (Templars)|Disk-Doctor]] Templars
A59: =COUNTIF(E:E,E59) -> 2 | B59: ENTROPY | C59: 3* | D59: [Luck Of The Lotus](https://web.archive.org/web/20160523151858/http://www.thesubnet.com/portal/wod/mtas/RotesWK.html#LucOfTheLoCrLoCu) | E59: =MID(D59,2,FIND("]",D59)-2) -> Luck Of The Lotus | F59: =MID(D59,1+FIND("/Rotes",D59),FIND(".html",D59)-FIND("/Rotes",D59)-1) -> RotesWK | G59: =VLOOKUP(F59,тех!$A:$E,4,0) -> Wu Keng | H59: =IF(VLOOKUP(F59,тех!$A:$E,2,0)="broken","broken",VLOOKUP(F59,тех!$A:$E,5,0)) -> Craft | I59: =IF(VLOOKUP(F59,тех!$A:$E,2,0)="broken",CONCATENATE("- [",E59,"](",F59,")",G59),VLOOKUP(F59,тех!$A:$E,2,0)&E59&"]]"&G59) -> - [[Rotes in groups#RotesWK (Wu-Keng)|Luck Of The Lotus]] Wu Keng
A60: =COUNTIF(E:E,E60) -> 1 | B60: ENTROPY | C60: 3* | D60: [Like Clockwork](https://web.archive.org/web/20160523151858/http://www.thesubnet.com/portal/wod/mtas/RotesSE.html#LikeCl) | E60: =MID(D60,2,FIND("]",D60)-2) -> Like Clockwork | F60: =MID(D60,1+FIND("/Rotes",D60),FIND(".html",D60)-FIND("/Rotes",D60)-1) -> RotesSE | G60: =VLOOKUP(F60,тех!$A:$E,4,0) -> Sphere-rote | H60: =IF(VLOOKUP(F60,тех!$A:$E,2,0)="broken","broken",VLOOKUP(F60,тех!$A:$E,5,0)) -> Sphere rote | I60: =IF(VLOOKUP(F60,тех!$A:$E,2,0)="broken",CONCATENATE("- [",E60,"](",F60,")",G60),VLOOKUP(F60,тех!$A:$E,2,0)&E60&"]]"&G60) -> - [[Rotes in sphere#RotesSE (Entropy effects)|Like Clockwork]] Sphere-rote
A61: =COUNTIF(E:E,E61) -> 2 | B61: ENTROPY | C61: 3* | D61: [Red Button](https://web.archive.org/web/20160523151858/http://www.thesubnet.com/portal/wod/mtas/RotesNWO.html#RedBu) | E61: =MID(D61,2,FIND("]",D61)-2) -> Red Button | F61: =MID(D61,1+FIND("/Rotes",D61),FIND(".html",D61)-FIND("/Rotes",D61)-1) -> RotesNWO | G61: =VLOOKUP(F61,тех!$A:$E,4,0) -> 🔋 New World Order | H61: =IF(VLOOKUP(F61,тех!$A:$E,2,0)="broken","broken",VLOOKUP(F61,тех!$A:$E,5,0)) -> Techocrathy | I61: =IF(VLOOKUP(F61,тех!$A:$E,2,0)="broken",CONCATENATE("- [",E61,"](",F61,")",G61),VLOOKUP(F61,тех!$A:$E,2,0)&E61&"]]"&G61) -> - [[Rotes in groups#RotesNWO (New world order)|Red Button]] 🔋 New World Order
A62: =COUNTIF(E:E,E62) -> 1 | B62: ENTROPY | C62: 3* | D62: [Piercing Cry](https://web.archive.org/web/20160523151858/http://www.thesubnet.com/portal/wod/mtas/RotesDo.html#PieCry) | E62: =MID(D62,2,FIND("]",D62)-2) -> Piercing Cry | F62: =MID(D62,1+FIND("/Rotes",D62),FIND(".html",D62)-FIND("/Rotes",D62)-1) -> RotesDo | G62: =VLOOKUP(F62,тех!$A:$E,4,0) -> Do (Akashic) | H62: =IF(VLOOKUP(F62,тех!$A:$E,2,0)="broken","broken",VLOOKUP(F62,тех!$A:$E,5,0)) -> broken | I62: =IF(VLOOKUP(F62,тех!$A:$E,2,0)="broken",CONCATENATE("- [",E62,"](",F62,")",G62),VLOOKUP(F62,тех!$A:$E,2,0)&E62&"]]"&G62) -> - [Piercing Cry](RotesDo) Do (Akashic)
A63: =COUNTIF(E:E,E63) -> 1 | B63: ENTROPY | C63: 3* | D63: [Screech Of The Owl](https://web.archive.org/web/20160523151858/http://www.thesubnet.com/portal/wod/mtas/RotesDo.html#ScrOfTheOwl) | E63: =MID(D63,2,FIND("]",D63)-2) -> Screech Of The Owl | F63: =MID(D63,1+FIND("/Rotes",D63),FIND(".html",D63)-FIND("/Rotes",D63)-1) -> RotesDo | G63: =VLOOKUP(F63,тех!$A:$E,4,0) -> Do (Akashic) | H63: =IF(VLOOKUP(F63,тех!$A:$E,2,0)="broken","broken",VLOOKUP(F63,тех!$A:$E,5,0)) -> broken | I63: =IF(VLOOKUP(F63,тех!$A:$E,2,0)="broken",CONCATENATE("- [",E63,"](",F63,")",G63),VLOOKUP(F63,тех!$A:$E,2,0)&E63&"]]"&G63) -> - [Screech Of The Owl](RotesDo) Do (Akashic)
A64: =COUNTIF(E:E,E64) -> 1 | B64: ENTROPY | C64: 3* | D64: [Slay Machine](https://web.archive.org/web/20160523151858/http://www.thesubnet.com/portal/wod/mtas/RotesSE.html#SlayMa) | E64: =MID(D64,2,FIND("]",D64)-2) -> Slay Machine | F64: =MID(D64,1+FIND("/Rotes",D64),FIND(".html",D64)-FIND("/Rotes",D64)-1) -> RotesSE | G64: =VLOOKUP(F64,тех!$A:$E,4,0) -> Sphere-rote | H64: =IF(VLOOKUP(F64,тех!$A:$E,2,0)="broken","broken",VLOOKUP(F64,тех!$A:$E,5,0)) -> Sphere rote | I64: =IF(VLOOKUP(F64,тех!$A:$E,2,0)="broken",CONCATENATE("- [",E64,"](",F64,")",G64),VLOOKUP(F64,тех!$A:$E,2,0)&E64&"]]"&G64) -> - [[Rotes in sphere#RotesSE (Entropy effects)|Slay Machine]] Sphere-rote
A65: =COUNTIF(E:E,E65) -> 2 | B65: Mind | C65: 1* | D65: [Ariadne's Thread](https://web.archive.org/web/20160523151858/http://www.thesubnet.com/portal/wod/mtas/RotesG.html#AriTh) | E65: =MID(D65,2,FIND("]",D65)-2) -> Ariadne's Thread | F65: =MID(D65,1+FIND("/Rotes",D65),FIND(".html",D65)-FIND("/Rotes",D65)-1) -> RotesG | G65: =VLOOKUP(F65,тех!$A:$E,4,0) -> General | H65: =IF(VLOOKUP(F65,тех!$A:$E,2,0)="broken","broken",VLOOKUP(F65,тех!$A:$E,5,0)) -> Tradition | I65: =IF(VLOOKUP(F65,тех!$A:$E,2,0)="broken",CONCATENATE("- [",E65,"](",F65,")",G65),VLOOKUP(F65,тех!$A:$E,2,0)&E65&"]]"&G65) -> - [[Rotes in groups#RotesG (General)|Ariadne's Thread]] General
A66: =COUNTIF(E:E,E66) -> 1 | B66: Mind | C66: 1* | D66: [Detect Mental Anomalies](https://web.archive.org/web/20160523151858/http://www.thesubnet.com/portal/wod/mtas/RotesVoE.html#DetMeAn) | E66: =MID(D66,2,FIND("]",D66)-2) -> Detect Mental Anomalies | F66: =MID(D66,1+FIND("/Rotes",D66),FIND(".html",D66)-FIND("/Rotes",D66)-1) -> RotesVoE | G66: =VLOOKUP(F66,тех!$A:$E,4,0) -> 🔋 Void Engineers | H66: =IF(VLOOKUP(F66,тех!$A:$E,2,0)="broken","broken",VLOOKUP(F66,тех!$A:$E,5,0)) -> Techocrathy | I66: =IF(VLOOKUP(F66,тех!$A:$E,2,0)="broken",CONCATENATE("- [",E66,"](",F66,")",G66),VLOOKUP(F66,тех!$A:$E,2,0)&E66&"]]"&G66) -> - [[Rotes in groups#RotesVoE (Void Engineers)|Detect Mental Anomalies]] 🔋 Void Engineers
... A148: =COUNTIF(E:E,E148) -> 1 | B148: Prime | C148: 2* | D148: [Holdout Weapon](https://web.archive.org/web/20160523151858/http://www.thesubnet.com/portal/wod/mtas/RotesNWO.html#HolWe) | E148: =MID(D148,2,FIND("]",D148)-2) -> Holdout Weapon | F148: =MID(D148,1+FIND("/Rotes",D148),FIND(".html",D148)-FIND("/Rotes",D148)-1) -> RotesNWO | G148: =VLOOKUP(F148,тех!$A:$E,4,0) -> 🔋 New World Order | H148: =IF(VLOOKUP(F148,тех!$A:$E,2,0)="broken","broken",VLOOKUP(F148,тех!$A:$E,5,0)) -> Techocrathy | I148: =IF(VLOOKUP(F148,тех!$A:$E,2,0)="broken",CONCATENATE("- [",E148,"](",F148,")",G148),VLOOKUP(F148,тех!$A:$E,2,0)&E148&"]]"&G148) -> - [[Rotes in groups#RotesNWO (New world order)|Holdout Weapon]] 🔋 New World Order
A149: =COUNTIF(E:E,E149) -> 1 | B149: Time | C149: 1* | E149: Perfect Time | F149: RotesST | G149: =VLOOKUP(F149,тех!$A:$E,4,0) -> Sphere-rote | H149: =IF(VLOOKUP(F149,тех!$A:$E,2,0)="broken","broken",VLOOKUP(F149,тех!$A:$E,5,0)) -> Sphere rote | I149: =IF(VLOOKUP(F149,тех!$A:$E,2,0)="broken",CONCATENATE("- [",E149,"](",F149,")",G149),VLOOKUP(F149,тех!$A:$E,2,0)&E149&"]]"&G149) -> - [[Rotes in sphere#RotesST (Time effects)|Perfect Time]] Sphere-rote
A150: =COUNTIF(E:E,E150) -> 1 | B150: Time | C150: 1* | E150: Time Sense | F150: RotesST | G150: =VLOOKUP(F150,тех!$A:$E,4,0) -> Sphere-rote | H150: =IF(VLOOKUP(F150,тех!$A:$E,2,0)="broken","broken",VLOOKUP(F150,тех!$A:$E,5,0)) -> Sphere rote | I150: =IF(VLOOKUP(F150,тех!$A:$E,2,0)="broken",CONCATENATE("- [",E150,"](",F150,")",G150),VLOOKUP(F150,тех!$A:$E,2,0)&E150&"]]"&G150) -> - [[Rotes in sphere#RotesST (Time effects)|Time Sense]] Sphere-rote
A151: =COUNTIF(E:E,E151) -> 1 | B151: Time | C151: 1* | E151: Rigid Schedule | F151: RotesIX | G151: =VLOOKUP(F151,тех!$A:$E,4,0) -> 🔋 Iteration X | H151: =IF(VLOOKUP(F151,тех!$A:$E,2,0)="broken","broken",VLOOKUP(F151,тех!$A:$E,5,0)) -> Techocrathy | I151: =IF(VLOOKUP(F151,тех!$A:$E,2,0)="broken",CONCATENATE("- [",E151,"](",F151,")",G151),VLOOKUP(F151,тех!$A:$E,2,0)&E151&"]]"&G151) -> - [[Rotes in groups#RotesIX (Iteration X)|Rigid Schedule]] 🔋 Iteration X
A152: =COUNTIF(E:E,E152) -> 2 | B152: Time | C152: 1* | E152: Time-Motion Study | F152: RotesIX | G152: =VLOOKUP(F152,тех!$A:$E,4,0) -> 🔋 Iteration X | H152: =IF(VLOOKUP(F152,тех!$A:$E,2,0)="broken","broken",VLOOKUP(F152,тех!$A:$E,5,0)) -> Techocrathy | I152: =IF(VLOOKUP(F152,тех!$A:$E,2,0)="broken",CONCATENATE("- [",E152,"](",F152,")",G152),VLOOKUP(F152,тех!$A:$E,2,0)&E152&"]]"&G152) -> - [[Rotes in groups#RotesIX (Iteration X)|Time-Motion Study]] 🔋 Iteration X
A153: =COUNTIF(E:E,E153) -> 1 | B153: Time | C153: 1* | E153: Synchronize Watches | F153: RotesNWO | G153: =VLOOKUP(F153,тех!$A:$E,4,0) -> 🔋 New World Order | H153: =IF(VLOOKUP(F153,тех!$A:$E,2,0)="broken","broken",VLOOKUP(F153,тех!$A:$E,5,0)) -> Techocrathy | I153: =IF(VLOOKUP(F153,тех!$A:$E,2,0)="broken",CONCATENATE("- [",E153,"](",F153,")",G153),VLOOKUP(F153,тех!$A:$E,2,0)&E153&"]]"&G153) -> - [[Rotes in groups#RotesNWO (New world order)|Synchronize Watches]] 🔋 New World Order
A154: =COUNTIF(E:E,E154) -> 1 | B154: Time | C154: 1* | E154: Evaluate Fourth Dimensional Fabric | F154: RotesVoE | G154: =VLOOKUP(F154,тех!$A:$E,4,0) -> 🔋 Void Engineers | H154: =IF(VLOOKUP(F154,тех!$A:$E,2,0)="broken","broken",VLOOKUP(F154,тех!$A:$E,5,0)) -> Techocrathy | I154: =IF(VLOOKUP(F154,тех!$A:$E,2,0)="broken",CONCATENATE("- [",E154,"](",F154,")",G154),VLOOKUP(F154,тех!$A:$E,2,0)&E154&"]]"&G154) -> - [[Rotes in groups#RotesVoE (Void Engineers)|Evaluate Fourth Dimensional Fabric]] 🔋 Void Engineers
A155: =COUNTIF(E:E,E155) -> 2 | B155: Time | C155: 2* | E155: Shed The Years | F155: RotesSE | G155: =VLOOKUP(F155,тех!$A:$E,4,0) -> Sphere-rote | H155: =IF(VLOOKUP(F155,тех!$A:$E,2,0)="broken","broken",VLOOKUP(F155,тех!$A:$E,5,0)) -> Sphere rote | I155: =IF(VLOOKUP(F155,тех!$A:$E,2,0)="broken",CONCATENATE("- [",E155,"](",F155,")",G155),VLOOKUP(F155,тех!$A:$E,2,0)&E155&"]]"&G155) -> - [[Rotes in sphere#RotesSE (Entropy effects)|Shed The Years]] Sphere-rote
A156: =COUNTIF(E:E,E156) -> 1 | B156: Time | C156: 2* | E156: Divinations | F156: RotesST | G156: =VLOOKUP(F156,тех!$A:$E,4,0) -> Sphere-rote | H156: =IF(VLOOKUP(F156,тех!$A:$E,2,0)="broken","broken",VLOOKUP(F156,тех!$A:$E,5,0)) -> Sphere rote | I156: =IF(VLOOKUP(F156,тех!$A:$E,2,0)="broken",CONCATENATE("- [",E156,"](",F156,")",G156),VLOOKUP(F156,тех!$A:$E,2,0)&E156&"]]"&G156) -> - [[Rotes in sphere#RotesST (Time effects)|Divinations]] Sphere-rote
A157: =COUNTIF(E:E,E157) -> 1 | B157: Time | C157: 2* | E157: Time Wards | F157: RotesST | G157: =VLOOKUP(F157,тех!$A:$E,4,0) -> Sphere-rote | H157: =IF(VLOOKUP(F157,тех!$A:$E,2,0)="broken","broken",VLOOKUP(F157,тех!$A:$E,5,0)) -> Sphere rote | I157: =IF(VLOOKUP(F157,тех!$A:$E,2,0)="broken",CONCATENATE("- [",E157,"](",F157,")",G157),VLOOKUP(F157,тех!$A:$E,2,0)&E157&"]]"&G157) -> - [[Rotes in sphere#RotesST (Time effects)|Time Wards]] Sphere-rote
A158: =COUNTIF(E:E,E158) -> 3 | B158: Time | C158: 2* | E158: Trip, The | F158: RotesCuOE | G158: =VLOOKUP(F158,тех!$A:$E,4,0) -> Cult of Ecstasy | H158: =IF(VLOOKUP(F158,тех!$A:$E,2,0)="broken","broken",VLOOKUP(F158,тех!$A:$E,5,0)) -> broken | I158: =IF(VLOOKUP(F158,тех!$A:$E,2,0)="broken",CONCATENATE("- [",E158,"](",F158,")",G158),VLOOKUP(F158,тех!$A:$E,2,0)&E158&"]]"&G158) -> - [Trip, The](RotesCuOE) Cult of Ecstasy
A159: =COUNTIF(E:E,E159) -> 2 | B159: Time | C159: 2* | E159: Song Of Orpheus | F159: RotesG | G159: =VLOOKUP(F159,тех!$A:$E,4,0) -> General | H159: =IF(VLOOKUP(F159,тех!$A:$E,2,0)="broken","broken",VLOOKUP(F159,тех!$A:$E,5,0)) -> Tradition | I159: =IF(VLOOKUP(F159,тех!$A:$E,2,0)="broken",CONCATENATE("- [",E159,"](",F159,")",G159),VLOOKUP(F159,тех!$A:$E,2,0)&E159&"]]"&G159) -> - [[Rotes in groups#RotesG (General)|Song Of Orpheus]] General
A160: =COUNTIF(E:E,E160) -> 2 | B160: Time | C160: 2* | E160: Penny Dreadful's Bright New Penny | F160: RotesHoO | G160: =VLOOKUP(F160,тех!$A:$E,4,0) -> Hollow Ones | H160: =IF(VLOOKUP(F160,тех!$A:$E,2,0)="broken","broken",VLOOKUP(F160,тех!$A:$E,5,0)) -> Tradition | I160: =IF(VLOOKUP(F160,тех!$A:$E,2,0)="broken",CONCATENATE("- [",E160,"](",F160,")",G160),VLOOKUP(F160,тех!$A:$E,2,0)&E160&"]]"&G160) -> - [[Rotes in groups#RotesHoO (Hollow Ones)|Penny Dreadful's Bright New Penny]] Hollow Ones
... A170: =COUNTIF(E:E,E170) -> 1 | B170: Time | C170: 3* | E170: Download Specialization | F170: RotesNWO | G170: =VLOOKUP(F170,тех!$A:$E,4,0) -> 🔋 New World Order | H170: =IF(VLOOKUP(F170,тех!$A:$E,2,0)="broken","broken",VLOOKUP(F170,тех!$A:$E,5,0)) -> Techocrathy | I170: =IF(VLOOKUP(F170,тех!$A:$E,2,0)="broken",CONCATENATE("- [",E170,"](",F170,")",G170),VLOOKUP(F170,тех!$A:$E,2,0)&E170&"]]"&G170) -> - [[Rotes in groups#RotesNWO (New world order)|Download Specialization]] 🔋 New World Order
